{
  "unet_fig10b": {
    "n": 4260,
    "median": 0.6403124332427979,
    "mean": 0.8508338332176208,
    "p90": 1.5811388492584229,
    "p99": 3.650658369064331
  },
  "mobilenet_fig10b": {
    "n": 4260,
    "median": 0.7071067690849304,
    "mean": 0.9007723331451416,
    "p90": 1.6155494451522827,
    "p99": 3.9917008876800537
  },
  "tinycnn_fig10b": {
    "n": 4260,
    "median": 3.9115214347839355,
    "mean": 5.83095645904541,
    "p90": 13.91944694519043,
    "p99": 23.244054794311523
  },
  "unet_cross_env2": {
    "n": 11201,
    "median": 0.8544003963470459,
    "mean": 1.0364192724227905,
    "p90": 1.7691806554794312,
    "p99": 5.382378578186035
  },
  "unet_cross_env3": {
    "n": 8754,
    "median": 0.8246211409568787,
    "mean": 1.225511908531189,
    "p90": 2.64007568359375,
    "p99": 8.896480560302734
  },
  "unet_cross_env4": {
    "n": 5486,
    "median": 1.1313709020614624,
    "mean": 1.4300886392593384,
    "p90": 2.4748735427856445,
    "p99": 6.508473873138428
  }
}